trade_date,buy_sell,cash,cumu_r,equity,nav,num_long,position
2016-08-01,,50000.0,0.0,0.0,50000.0,0,0.0
2016-08-02,,50000.0,0.0,0.0,50000.0,0,0.0
2016-08-03,,50000.0,0.0,0.0,50000.0,0,0.0
2016-08-04,,50000.0,0.0,0.0,50000.0,0,0.0
2016-08-05,,50000.0,0.0,0.0,50000.0,0,0.0
2016-08-08,,50000.0,0.0,0.0,50000.0,0,0.0
2016-08-09,,50000.0,0.0,0.0,50000.0,0,0.0
2016-08-10,,50000.0,0.0,0.0,50000.0,0,0.0
2016-08-11,,50000.0,0.0,0.0,50000.0,0,0.0
2016-08-12,,50000.0,0.0,0.0,50000.0,0,0.0
2016-08-15,,50000.0,0.0,0.0,50000.0,0,0.0
2016-08-16,,50000.0,0.0,0.0,50000.0,0,0.0
2016-08-17,,50000.0,0.0,0.0,50000.0,0,0.0
2016-08-18,,50000.0,0.0,0.0,50000.0,0,0.0
2016-08-19,,50000.0,0.0,0.0,50000.0,0,0.0
2016-08-22,,50000.0,0.0,0.0,50000.0,0,0.0
2016-08-23,,50000.0,0.0,0.0,50000.0,0,0.0
2016-08-24,,50000.0,0.0,0.0,50000.0,0,0.0
2016-08-25,,50000.0,0.0,0.0,50000.0,0,0.0
2016-08-26,,50000.0,0.0,0.0,50000.0,0,0.0
2016-08-29,,50000.0,0.0,0.0,50000.0,0,0.0
2016-08-30,,50000.0,0.0,0.0,50000.0,0,0.0
2016-08-31,,50000.0,0.0,0.0,50000.0,0,0.0
2016-09-01,,50000.0,0.0,0.0,50000.0,0,0.0
2016-09-02,,50000.0,0.0,0.0,50000.0,0,0.0
2016-09-05,,50000.0,0.0,0.0,50000.0,0,0.0
2016-09-06,,50000.0,0.0,0.0,50000.0,0,0.0
2016-09-07,,50000.0,0.0,0.0,50000.0,0,0.0
2016-09-08,,50000.0,0.0,0.0,50000.0,0,0.0
2016-09-09,,50000.0,0.0,0.0,50000.0,0,0.0
2016-09-12,,50000.0,0.0,0.0,50000.0,0,0.0
2016-09-13,,50000.0,0.0,0.0,50000.0,0,0.0
2016-09-14,,50000.0,0.0,0.0,50000.0,0,0.0
2016-09-19,,50000.0,0.0,0.0,50000.0,0,0.0
2016-09-20,,50000.0,0.0,0.0,50000.0,0,0.0
2016-09-21,,50000.0,0.0,0.0,50000.0,0,0.0
2016-09-22,,50000.0,0.0,0.0,50000.0,0,0.0
2016-09-23,,50000.0,0.0,0.0,50000.0,0,0.0
2016-09-26,,50000.0,0.0,0.0,50000.0,0,0.0
2016-09-27,,50000.0,0.0,0.0,50000.0,0,0.0
2016-09-28,,50000.0,0.0,0.0,50000.0,0,0.0
2016-09-29,,50000.0,0.0,0.0,50000.0,0,0.0
2016-09-30,,50000.0,0.0,0.0,50000.0,0,0.0
2016-10-10,,50000.0,0.0,0.0,50000.0,0,0.0
2016-10-11,,50000.0,0.0,0.0,50000.0,0,0.0
2016-10-12,,50000.0,0.0,0.0,50000.0,0,0.0
2016-10-13,,50000.0,0.0,0.0,50000.0,0,0.0
2016-10-14,,50000.0,0.0,0.0,50000.0,0,0.0
2016-10-17,,50000.0,0.0,0.0,50000.0,0,0.0
2016-10-18,,50000.0,0.0,0.0,50000.0,0,0.0
2016-10-19,,50000.0,0.0,0.0,50000.0,0,0.0
2016-10-20,,50000.0,0.0,0.0,50000.0,0,0.0
2016-10-21,,50000.0,0.0,0.0,50000.0,0,0.0
2016-10-24,,50000.0,0.0,0.0,50000.0,0,0.0
2016-10-25,,50000.0,0.0,0.0,50000.0,0,0.0
2016-10-26,,50000.0,0.0,0.0,50000.0,0,0.0
2016-10-27,,50000.0,0.0,0.0,50000.0,0,0.0
2016-10-28,,50000.0,0.0,0.0,50000.0,0,0.0
2016-10-31,,50000.0,0.0,0.0,50000.0,0,0.0
2016-11-01,,50000.0,0.0,0.0,50000.0,0,0.0
2016-11-02,,50000.0,0.0,0.0,50000.0,0,0.0
2016-11-03,,50000.0,0.0,0.0,50000.0,0,0.0
2016-11-04,,50000.0,0.0,0.0,50000.0,0,0.0
2016-11-07,,50000.0,0.0,0.0,50000.0,0,0.0
2016-11-08,,50000.0,0.0,0.0,50000.0,0,0.0
2016-11-09,,50000.0,0.0,0.0,50000.0,0,0.0
2016-11-10,,50000.0,0.0,0.0,50000.0,0,0.0
2016-11-11,,50000.0,0.0,0.0,50000.0,0,0.0
2016-11-14,,50000.0,0.0,0.0,50000.0,0,0.0
2016-11-15,B1-1,49602.35,0.0,397.65,50000.0,1,0.008
2016-11-16,,49602.35,3.2e-05,399.3,50001.65,1,0.008
2016-11-17,,49602.35,0.000198,407.55,50009.9,1,0.0081
2016-11-18,,49602.35,-2.2e-05,396.55,49998.9,1,0.0079
2016-11-21,,49602.35,4.4e-05,399.85,50002.2,1,0.008
2016-11-22,,49602.35,5.5999997e-05,400.4,50002.75,1,0.008
2016-11-23,,49602.35,-1.2e-05,397.1,49999.45,1,0.0079
2016-11-24,,49602.35,-5.4e-05,394.9,49997.25,1,0.0079
2016-11-25,,49602.35,-2.2e-05,396.55,49998.9,1,0.0079
2016-11-28,,49602.35,0.00011,403.15,50005.5,1,0.0081
2016-11-29,,49602.35,0.000308,413.05,50015.4,1,0.0083
2016-11-30,,49602.35,0.000286,411.95,50014.3,1,0.0082
2016-12-01,,49602.35,0.000308,413.05,50015.4,1,0.0083
2016-12-02,,49602.35,0.00011,403.15,50005.5,1,0.0081
2016-12-05,,49602.35,1.2e-05,398.2,50000.55,1,0.008
2016-12-06,,49602.35,-0.00018799999,388.3,49990.65,1,0.0078
2016-12-07,,49602.35,-0.000154,389.95,49992.3,1,0.0078
2016-12-08,,49602.35,-0.000176,388.85,49991.2,1,0.0078
2016-12-09,,49602.35,-0.00018799999,388.3,49990.65,1,0.0078
2016-12-12,,49602.35,-0.000452,375.1,49977.45,1,0.0075
2016-12-13,S2,49972.5,-0.00055,0.0,49972.5,0,0.0
2016-12-14,,49972.5,-0.00055,0.0,49972.5,0,0.0
2016-12-15,,49972.5,-0.00055,0.0,49972.5,0,0.0
2016-12-16,,49972.5,-0.00055,0.0,49972.5,0,0.0
2016-12-19,,49972.5,-0.00055,0.0,49972.5,0,0.0
2016-12-20,,49972.5,-0.00055,0.0,49972.5,0,0.0
2016-12-21,,49972.5,-0.00055,0.0,49972.5,0,0.0
2016-12-22,,49972.5,-0.00055,0.0,49972.5,0,0.0
2016-12-23,,49972.5,-0.00055,0.0,49972.5,0,0.0
2016-12-26,,49972.5,-0.00055,0.0,49972.5,0,0.0
2016-12-27,,49972.5,-0.00055,0.0,49972.5,0,0.0
2016-12-28,,49972.5,-0.00055,0.0,49972.5,0,0.0
2016-12-29,,49972.5,-0.00055,0.0,49972.5,0,0.0
2016-12-30,,49972.5,-0.00055,0.0,49972.5,0,0.0
2017-01-03,,49972.5,-0.00055,0.0,49972.5,0,0.0
2017-01-04,,49972.5,-0.00055,0.0,49972.5,0,0.0
2017-01-05,,49972.5,-0.00055,0.0,49972.5,0,0.0
2017-01-06,,49972.5,-0.00055,0.0,49972.5,0,0.0
2017-01-09,,49972.5,-0.00055,0.0,49972.5,0,0.0
2017-01-10,,49972.5,-0.00055,0.0,49972.5,0,0.0
2017-01-11,,49972.5,-0.00055,0.0,49972.5,0,0.0
2017-01-12,,49972.5,-0.00055,0.0,49972.5,0,0.0
2017-01-13,,49972.5,-0.00055,0.0,49972.5,0,0.0
2017-01-16,,49972.5,-0.00055,0.0,49972.5,0,0.0
2017-01-17,,49972.5,-0.00055,0.0,49972.5,0,0.0
2017-01-18,,49972.5,-0.00055,0.0,49972.5,0,0.0
2017-01-19,,49972.5,-0.00055,0.0,49972.5,0,0.0
2017-01-20,,49972.5,-0.00055,0.0,49972.5,0,0.0
2017-01-23,B1-0,49580.46,-0.00075199996,381.92,49962.38,1,0.0076
2017-01-24,,49580.46,-0.00077,381.04,49961.5,1,0.0076
2017-01-25,,49580.46,-0.00075199996,381.92,49962.38,1,0.0076
2017-01-26,,49580.46,-0.000726,383.24,49963.7,1,0.0077
2017-02-03,,49580.46,-0.000858,376.64,49957.1,1,0.0075
2017-02-06,,49580.46,-0.00088,375.54,49956.0,1,0.0075
2017-02-07,,49580.46,-0.000932,372.9,49953.36,1,0.0075
2017-02-08,,49580.46,-0.00081,379.06,49959.52,1,0.0076
2017-02-09,,49580.46,-0.000818,378.62,49959.08,1,0.0076
2017-02-10,B2-0,48582.58,-0.00107,1363.9,49946.48,2,0.0273
2017-02-13,,48582.58,-0.000894,1372.69,49955.27,2,0.0275
2017-02-14,,48582.58,-0.00087399996,1373.74,49956.32,2,0.0275
2017-02-15,,48582.58,-0.001034,1365.7,49948.28,2,0.0273
2017-02-16,,48582.58,-0.001004,1367.24,49949.82,2,0.0274
2017-02-17,,48582.58,-0.00128,1353.36,49935.94,2,0.0271
2017-02-20,,48582.58,-0.000946,1370.1,49952.68,2,0.0274
2017-02-21,,48582.58,-0.000624,1386.23,49968.81,2,0.0277
2017-02-22,,48582.58,-0.000686,1383.2,49965.78,2,0.0277
2017-02-23,,48582.58,-0.000794,1377.6499,49960.23,2,0.0276
2017-02-24,,48582.58,-0.000924,1371.24,49953.82,2,0.0275
2017-02-27,,48582.58,-0.001248,1354.98,49937.56,2,0.0271
2017-02-28,,48582.58,-0.001202,1357.3501,49939.93,2,0.0272
2017-03-01,,48582.58,-0.001068,1363.98,49946.56,2,0.0273
2017-03-02,,48582.58,-0.001344,1350.1901,49932.77,2,0.027
2017-03-03,,48582.58,-0.00136,1349.44,49932.02,2,0.027
2017-03-06,,48582.58,-0.001338,1350.5,49933.08,2,0.027
2017-03-07,,48582.58,-0.001446,1345.14,49927.72,2,0.0269
2017-03-08,,48582.58,-0.001462,1344.3501,49926.93,2,0.0269
2017-03-09,,48582.58,-0.001572,1338.77,49921.35,2,0.0268
2017-03-10,,48582.58,-0.00188,1323.39,49905.97,2,0.0265
2017-03-13,,48582.58,-0.0017,1332.4401,49915.02,2,0.0267
2017-03-14,,48582.58,-0.001742,1330.3301,49912.91,2,0.0267
2017-03-15,,48582.58,-0.001706,1332.04,49914.62,2,0.0267
2017-03-16,,48582.58,-0.001454,1344.7,49927.28,2,0.0269
2017-03-17,,48582.58,-0.001732,1330.9,49913.48,2,0.0267
2017-03-20,"B1-1,S1",48556.62,-0.001616,1362.65,49919.27,2,0.0273
2017-03-21,B2-1,47563.74,-0.00086000003,2393.25,49956.99,3,0.0479
2017-03-22,,47563.74,-0.00077,2397.83,49961.57,3,0.048
2017-03-23,,47563.74,-0.00101,2385.84,49949.58,3,0.0478
2017-03-24,"B2-0,B2-1,B2-1",44563.91,-0.00038,5417.2,49981.11,6,0.1084
2017-03-27,,44563.91,-0.002104,5330.84,49894.75,6,0.1068
2017-03-28,,44563.91,-0.002216,5325.24,49889.15,6,0.1067
2017-03-29,,44563.91,-0.002146,5328.85,49892.76,6,0.1068
2017-03-30,,44563.91,-0.003208,5275.77,49839.68,6,0.1059
2017-03-31,B2-0,43561.46,-0.003498,6263.77,49825.23,7,0.1257
2017-04-05,"B2-0,B2-0",41560.71,0.00075199996,8476.86,50037.57,9,0.1694
2017-04-06,,41560.71,0.002872,8583.0,50143.71,9,0.1712
2017-04-07,,41560.71,0.002226,8550.8,50111.51,9,0.1706
2017-04-10,,41560.71,0.0014439999,8511.34,50072.05,9,0.17
2017-04-11,,41560.71,0.003062,8592.4,50153.11,9,0.1713
2017-04-12,"B1-0,B2-0,B2-1",39158.45,0.001362,10909.86,50068.31,12,0.2179
2017-04-13,,39158.45,-0.000224,10830.19,49988.64,12,0.2167
2017-04-14,,39158.45,-0.00188,10747.47,49905.92,12,0.2154
2017-04-17,,39158.45,-0.001122,10785.54,49943.992,12,0.216
2017-04-18,S1,40084.73,-0.003184,9756.03,49840.76,11,0.1957
2017-04-19,S1,41054.65,-0.004438,8723.69,49778.34,10,0.1753
2017-04-20,,41054.65,-0.0018100002,8855.12,49909.77,10,0.1774
2017-04-21,,41054.65,-0.0016739999,8861.9,49916.55,10,0.1775
2017-04-24,S2,41413.37,-0.006118,8280.87,49694.24,9,0.1666
2017-04-25,S2,42316.09,-0.006906,7338.73,49654.82,8,0.1478
2017-04-26,,42316.09,-0.007772,7295.56,49611.65,8,0.1471
2017-04-27,S2,43198.09,-0.007864,6408.95,49607.04,7,0.1292
2017-04-28,B2-0,42595.93,-0.007646,7022.04,49617.97,7,0.1415
2017-05-02,,42595.93,-0.0072879996,7039.87,49635.8,7,0.1418
2017-05-03,"S1,S1",44470.32,-0.008782,5090.7603,49561.082,5,0.1027
2017-05-04,,44470.32,-0.007138,5172.89,49643.21,5,0.1042
2017-05-05,,44470.32,-0.0071739997,5171.3203,49641.64,5,0.1042
2017-05-08,,44470.32,-0.0065439995,5202.74,49673.06,5,0.1047
2017-05-09,,44470.32,-0.007566,5151.5503,49621.87,5,0.1038
2017-05-10,,44470.32,-0.00808,5125.85,49596.17,5,0.1034
2017-05-11,,44470.32,-0.007006,5179.64,49649.96,5,0.1043
2017-05-12,B2-0,43494.93,-0.00689,6160.76,49655.69,6,0.1241
2017-05-15,,43494.93,-0.0066199997,6174.27,49669.2,6,0.1243
2017-05-16,,43494.93,-0.006664,6172.0303,49666.96,6,0.1243
2017-05-17,,43494.93,-0.007852,6112.68,49607.61,6,0.1232
2017-05-18,,43494.93,-0.00847,6081.64,49576.57,6,0.1227
2017-05-19,B2-1,42487.49,-0.008872,7069.0,49556.492,7,0.1426
2017-05-22,,42487.49,-0.007922,7116.46,49603.95,7,0.1435
2017-05-23,,42487.49,-0.00533,7246.12,49733.61,7,0.1457
2017-05-24,,42487.49,-0.006278,7198.73,49686.22,7,0.1449
2017-05-25,"B2-0,B2-1",40489.04,-0.003686,9326.91,49815.95,9,0.1872
2017-05-26,,40489.04,-0.0024699997,9387.82,49876.86,9,0.1882
2017-05-31,,40489.04,-0.0012719998,9447.44,49936.48,9,0.1892
2017-06-01,,40489.04,-0.00013400009,9504.51,49993.55,9,0.1901
2017-06-02,,40489.04,-0.0010239999,9459.86,49948.9,9,0.1894
2017-06-05,,40489.04,-0.002742,9374.16,49863.2,9,0.188
2017-06-06,,40489.04,-0.0025219999,9385.02,49874.06,9,0.1882
2017-06-07,,40489.04,-0.001974,9412.55,49901.59,9,0.1886
2017-06-08,B2-0,39492.44,0.0008820001,10551.86,50044.3,10,0.2109
2017-06-09,,39492.44,0.0019919998,10607.33,50099.77,10,0.2117
2017-06-12,,39492.44,0.002546,10635.13,50127.57,10,0.2122
2017-06-13,,39492.44,0.001952,10605.3,50097.742,10,0.2117
2017-06-14,,39492.44,-0.002156,10400.12,49892.56,10,0.2085
2017-06-15,,39492.44,-0.0029039998,10362.55,49854.992,10,0.2079
2017-06-16,,39492.44,-0.0036199999,10326.82,49819.26,10,0.2073
2017-06-19,,39492.44,-0.002044,10405.561,49898.0,10,0.2085
2017-06-20,,39492.44,-0.003306,10342.53,49834.97,10,0.2075
2017-06-21,,39492.44,-0.0013539998,10440.12,49932.56,10,0.2091
2017-06-22,,39492.44,-0.00033,10491.4,49983.84,10,0.2099
2017-06-23,,39492.44,0.00145,10580.37,50072.81,10,0.2113
2017-06-26,,39492.44,0.0026740003,10641.48,50133.92,10,0.2123
2017-06-27,,39492.44,0.0020480002,10610.08,50102.52,10,0.2118
2017-06-28,,39492.44,0.0002600001,10520.7705,50013.21,10,0.2104
2017-06-29,,39492.44,0.0017420001,10594.83,50087.27,10,0.2115
2017-06-30,,39492.44,0.0020080002,10608.19,50100.63,10,0.2117
2017-07-03,,39492.44,0.002028,10609.19,50101.63,10,0.2118
2017-07-04,,39492.44,0.000522,10533.75,50026.19,10,0.2106
2017-07-05,B2-0,38512.04,0.002196,11598.0,50110.04,11,0.2315
2017-07-06,,38512.04,0.0032600001,11651.15,50163.19,11,0.2323
2017-07-07,,38512.04,0.005026,11739.49,50251.53,11,0.2336
2017-07-10,,38512.04,0.005878,11782.07,50294.11,11,0.2343
2017-07-11,,38512.04,0.006484,11812.43,50324.47,11,0.2347
2017-07-12,,38512.04,0.005872,11781.77,50293.81,11,0.2343
2017-07-13,,38512.04,0.010204,11998.19,50510.23,11,0.2375
2017-07-14,,38512.04,0.01249,12112.54,50624.582,11,0.2393
2017-07-17,B1-1,38115.56,0.012628,12516.08,50631.64,12,0.2472
2017-07-18,,38115.56,0.015288,12648.96,50764.52,12,0.2492
2017-07-19,,38115.56,0.016104,12689.68,50805.242,12,0.2498
2017-07-20,,38115.56,0.017516,12760.561,50876.12,12,0.2508
2017-07-21,,38115.56,0.016062,12687.7,50803.26,12,0.2497
2017-07-24,,38115.56,0.014546,12611.96,50727.52,12,0.2486
2017-07-25,S5,39320.54,0.012408,11300.04,50620.582,11,0.2232
2017-07-26,,39320.54,0.011768,11267.99,50588.53,11,0.2227
2017-07-27,,39320.54,0.011096,11234.5205,50555.06,11,0.2222
2017-07-28,,39320.54,0.011388,11248.84,50569.38,11,0.2224
2017-07-31,,39320.54,0.013174,11338.42,50658.96,11,0.2238
2017-08-01,,39320.54,0.017372001,11548.31,50868.85,11,0.227
2017-08-02,,39320.54,0.01673,11516.25,50836.79,11,0.2265
2017-08-03,,39320.54,0.014698,11414.41,50734.95,11,0.225
2017-08-04,,39320.54,0.013198,11339.67,50660.21,11,0.2238
2017-08-07,,39320.54,0.014936,11426.58,50747.12,11,0.2252
2017-08-08,,39320.54,0.0152199995,11440.641,50761.18,11,0.2254
2017-08-09,B2-0,38325.98,0.016042,12476.2705,50802.25,12,0.2456
2017-08-10,,38325.98,0.016422,12495.29,50821.27,12,0.2459
2017-08-11,S5,39657.02,0.013464,11016.39,50673.41,11,0.2174
2017-08-14,,39657.02,0.01499,11092.5,50749.52,11,0.2186
2017-08-15,,39657.02,0.015432,11114.83,50771.85,11,0.2189
2017-08-16,B2-0,38653.82,0.014404,12066.641,50720.46,12,0.2379
2017-08-17,,38653.82,0.01588,12140.35,50794.17,12,0.239
2017-08-18,,38653.82,0.016627999,12177.74,50831.56,12,0.2396
2017-08-21,B3-1,37443.94,0.016272,13369.73,50813.67,13,0.2631
2017-08-22,B2-1,36448.34,0.016538,14378.74,50827.08,14,0.2829
2017-08-23,,36448.34,0.016368,14370.2705,50818.61,14,0.2828
2017-08-24,,36448.34,0.0143059995,14267.3,50715.64,14,0.2813
2017-08-25,B2-1,35435.9,0.019882,15558.3,50994.2,15,0.3051
2017-08-28,"B2-1,B2-0,B2-1",32864.29,0.021254,18198.68,51062.97,17,0.3564
2017-08-29,,32864.29,0.021408,18206.28,51070.57,17,0.3565
2017-08-30,B2-1,31865.83,0.020838,19176.34,51042.17,18,0.3757
2017-08-31,,31865.83,0.019558,19112.0,50977.832,18,0.3749
2017-09-01,,31865.83,0.019548,19111.72,50977.55,18,0.3749
2017-09-04,,31865.83,0.021852,19227.05,51092.88,18,0.3763
2017-09-05,,31865.83,0.022366,19252.73,51118.56,18,0.3766
2017-09-06,B1-0,31506.34,0.021496,19568.46,51074.8,19,0.3831
2017-09-07,,31506.34,0.017404,19363.94,50870.28,19,0.3807
2017-09-08,B2-0,30503.94,0.018444,20418.47,50922.41,20,0.401
2017-09-11,"S5,S1",32816.7,0.015952,17981.04,50797.74,18,0.354
2017-09-12,B2-0,31857.18,0.01646,18966.12,50823.3,19,0.3732
2017-09-13,,31857.18,0.015838,18934.86,50792.04,19,0.3728
2017-09-14,B1-0,31482.88,0.014382,19236.19,50719.07,20,0.3793
2017-09-15,,31482.88,0.01301,19167.74,50650.62,20,0.3784
2017-09-18,,31482.88,0.012944,19164.18,50647.06,20,0.3784
2017-09-19,B2-1,30517.18,0.012324,20099.11,50616.29,21,0.3971
2017-09-20,,30517.18,0.011093999,20037.73,50554.91,21,0.3964
2017-09-21,S2,31334.62,0.010426,19186.81,50521.43,20,0.3798
2017-09-22,,31334.62,0.010926,19211.74,50546.36,20,0.3801
2017-09-25,S1,31691.06,0.01014,18816.17,50507.23,19,0.3725
2017-09-26,,31691.06,0.010548,18836.53,50527.59,19,0.3728
2017-09-27,,31691.06,0.0085700005,18737.541,50428.6,19,0.3716
2017-09-28,S2,32762.46,0.0070260004,17589.18,50351.64,18,0.3493
2017-09-29,,32762.46,0.006648,17570.24,50332.7,18,0.3491
2017-10-09,"B2-1,B2-0,B2-0,B2-0",28779.24,0.0076159993,21601.68,50380.92,22,0.4288
2017-10-10,,28779.24,0.008658,21654.05,50433.29,22,0.4294
2017-10-11,,28779.24,0.010344,21738.19,50517.43,22,0.4303
2017-10-12,S1,29113.2,0.01027,21400.57,50513.77,21,0.4237
2017-10-13,,29113.2,0.00988,21380.86,50494.06,21,0.4234
2017-10-16,,29113.2,0.011523999,21463.08,50576.28,21,0.4244
2017-10-17,,29113.2,0.009528,21363.39,50476.59,21,0.4232
2017-10-18,B1-0,28717.7,0.014822,22023.55,50741.25,22,0.434
2017-10-19,B2-1,27718.97,0.016091999,23085.77,50804.742,23,0.4544
2017-10-20,,27718.97,0.01341,22951.51,50670.48,23,0.453
2017-10-23,S2,28640.27,0.011814,21950.48,50590.75,22,0.4339
2017-10-24,B2-1,27625.07,0.015466,23148.33,50773.4,23,0.4559
2017-10-25,,27625.07,0.015195999,23134.93,50760.0,23,0.4558
2017-10-26,,27625.07,0.015875999,23169.06,50794.13,23,0.4561
2017-10-27,"B1-0,B2-1",26228.07,0.020523999,24798.27,51026.34,25,0.486
2017-10-30,"S2,S1,S2",28582.33,0.02167,22501.56,51083.89,23,0.4405
2017-10-31,S2,29155.51,0.01985,21837.12,50992.63,22,0.4282
2017-11-01,B2-0,28078.07,0.02058,22951.13,51029.2,23,0.4498
2017-11-02,,28078.07,0.021408,22992.48,51070.55,23,0.4502
2017-11-03,,28078.07,0.022090001,23026.58,51104.65,23,0.4506
2017-11-06,S2,28997.45,0.018872,21946.291,50943.742,22,0.4308
2017-11-07,B2-0,27997.96,0.02218,23111.42,51109.38,23,0.4522
2017-11-08,,27997.96,0.021418,23073.4,51071.36,23,0.4518
2017-11-09,,27997.96,0.025216,23263.11,51261.07,23,0.4538
2017-11-10,,27997.96,0.02774,23389.31,51387.27,23,0.4552
2017-11-13,S2,28934.69,0.030064,22568.86,51503.55,22,0.4382
2017-11-14,"B3-0,B2-0",26605.88,0.030582,24923.379,51529.26,24,0.4837
2017-11-15,,26605.88,0.029092,24849.05,51454.93,24,0.4829
2017-11-16,S1,27557.08,0.032392,24063.0,51620.082,23,0.4662
2017-11-17,"S2,S1,S2",30659.621,0.039312,21306.45,51966.07,20,0.41
2017-11-20,S2,31921.87,0.040682,20112.58,52034.45,19,0.3865
2017-11-21,"B2-0,B2-0,B2-0",28914.78,0.043484,23259.81,52174.59,22,0.4458
2017-11-22,B2-1,27994.62,0.047878,24399.49,52394.11,23,0.4657
2017-11-23,S4,29305.8,0.036043998,22496.86,51802.66,22,0.4343
2017-11-24,,29305.8,0.034587998,22423.81,51729.61,22,0.4335
2017-11-27,,29305.8,0.030034,22196.43,51502.23,22,0.431
2017-11-28,,29305.8,0.027741998,22081.72,51387.52,22,0.4297
2017-11-29,S2,30403.62,0.03089,21141.3,51544.92,21,0.4102
2017-11-30,S2,31276.11,0.027768,20112.51,51388.62,20,0.3914
2017-12-01,,31276.11,0.024386,19943.35,51219.46,20,0.3894
2017-12-04,,31276.11,0.025837999,20015.99,51292.1,20,0.3902
2017-12-05,,31276.11,0.032856,20367.22,51643.33,20,0.3944
2017-12-06,,31276.11,0.028616,20155.041,51431.152,20,0.3919
2017-12-07,,31276.11,0.025076,19978.05,51254.16,20,0.3898
2017-12-08,,31276.11,0.024146,19931.35,51207.46,20,0.3892
2017-12-11,,31276.11,0.027824,20115.27,51391.38,20,0.3914
2017-12-12,,31276.11,0.019658,19707.291,50983.4,20,0.3865
2017-12-13,S2,32130.33,0.023794,19059.71,51190.04,19,0.3723
2017-12-14,S2,33088.17,0.021132,17968.51,51056.68,18,0.3519
2017-12-15,S1,33984.03,0.016732,16852.83,50836.86,17,0.3315
2017-12-18,S2,34873.75,0.017611999,16007.32,50881.07,16,0.3146
2017-12-19,B1-0,34485.85,0.02271,16650.09,51135.94,17,0.3256
2017-12-20,,34485.85,0.024044,16716.46,51202.31,17,0.3265
2017-12-21,,34485.85,0.027304001,16879.63,51365.48,17,0.3286
2017-12-22,,34485.85,0.027161999,16872.59,51358.44,17,0.3285
2017-12-25,,34485.85,0.029099999,16969.47,51455.32,17,0.3298
2017-12-26,B2-0,33484.92,0.03218,18124.45,51609.37,18,0.3512
2017-12-27,S5,34797.58,0.026766,16541.25,51338.832,17,0.3222
2017-12-28,S1,35756.35,0.027308,15609.39,51365.74,16,0.3039
2017-12-29,,35756.35,0.029424,15714.92,51471.27,16,0.3053
2018-01-02,,35756.35,0.034044,15946.21,51702.56,16,0.3084
2018-01-03,,35756.35,0.033363998,15912.08,51668.43,16,0.308
2018-01-04,B2-1,35151.18,0.032972,16497.89,51649.07,16,0.3194
2018-01-05,,35151.18,0.03568,16632.91,51784.09,16,0.3212
2018-01-08,B1-1,34679.22,0.038647998,17253.35,51932.57,17,0.3322
2018-01-09,B2-1,33753.87,0.039892,18240.93,51994.8,18,0.3508
2018-01-10,,33753.87,0.044188,18455.63,52209.5,18,0.3535
2018-01-11,B2-1,32753.19,0.04324,19409.22,52162.41,19,0.3721
2018-01-12,,32753.19,0.044956,19494.94,52248.13,19,0.3731
2018-01-15,"B2-0,B1-0",31751.5,0.0491,20703.83,52455.332,20,0.3947
2018-01-16,S5,32786.8,0.050642,19745.62,52532.42,19,0.3759
2018-01-17,"B2-0,B2-0,B2-0,B1-1",29481.82,0.051181998,23077.26,52559.08,23,0.4391
2018-01-18,,29481.82,0.055078,23272.06,52753.88,23,0.4411
2018-01-19,,29481.82,0.057547998,23395.75,52877.57,23,0.4425
2018-01-22,S1,29836.66,0.05672,22999.22,52835.88,22,0.4353
2018-01-23,,29836.66,0.066184,23472.44,53309.1,22,0.4403
2018-01-24,,29836.66,0.071142,23720.34,53557.0,22,0.4429
2018-01-25,,29836.66,0.06689,23507.86,53344.52,22,0.4407
2018-01-26,,29836.66,0.06972,23649.56,53486.22,22,0.4422
2018-01-29,,29836.66,0.06596,23461.35,53298.01,22,0.4402
2018-01-30,S1,30812.98,0.05825,22099.86,52912.84,21,0.4177
2018-01-31,,30812.98,0.061654,22269.8,53082.78,21,0.4195
2018-02-01,,30812.98,0.067202,22546.96,53359.94,21,0.4225
2018-02-02,,30812.98,0.071638,22769.05,53582.03,21,0.4249
2018-02-05,,30812.98,0.082594,23316.67,54129.65,21,0.4308
2018-02-06,S3,31898.68,0.07137,21670.0,53568.68,20,0.4045
2018-02-07,"S5,S2",34409.96,0.058468,18513.709,52923.668,18,0.3498
2018-02-08,"S1,S1",36387.82,0.044284,15826.42,52214.24,16,0.3031
2018-02-09,"S1,S1,S3,S2,S1,S2,S3,S1,S3",43816.88,0.031564,7761.25,51578.13,9,0.1505
2018-02-12,S2,44380.64,0.030752,7156.9697,51537.61,8,0.1389
2018-02-13,,44380.64,0.032842,7261.58,51642.22,8,0.1406
2018-02-14,,44380.64,0.032708,7254.97,51635.61,8,0.1405
2018-02-22,,44380.64,0.037807997,7509.81,51890.45,8,0.1447
2018-02-23,,44380.64,0.038383998,7538.79,51919.43,8,0.1452
2018-02-26,,44380.64,0.03962,7600.38,51981.02,8,0.1462
2018-02-27,,44380.64,0.035361998,7387.51,51768.15,8,0.1427
2018-02-28,,44380.64,0.032964,7267.65,51648.29,8,0.1407
2018-03-01,S5,45384.7,0.032022,6216.5303,51601.23,7,0.1205
2018-03-02,B3-0,44343.55,0.030211998,7167.26,51510.81,8,0.1391
2018-03-05,,44343.55,0.030685998,7191.0,51534.55,8,0.1395
2018-03-06,,44343.55,0.032031998,7258.2603,51601.81,8,0.1407
2018-03-07,,44343.55,0.031208,7216.93,51560.48,8,0.14
2018-03-08,,44343.55,0.030709999,7192.18,51535.73,8,0.1396
2018-03-09,,44343.55,0.031089999,7211.1997,51554.75,8,0.1399
2018-03-12,,44343.55,0.032824,7297.9,51641.45,8,0.1413
2018-03-13,,44343.55,0.03252,7282.77,51626.32,8,0.1411
2018-03-14,,44343.55,0.031556,7234.44,51577.99,8,0.1403
2018-03-15,B3-0,42903.99,0.031622,8677.311,51581.3,9,0.1682
2018-03-16,,42903.99,0.030337999,8613.11,51517.1,9,0.1672
2018-03-19,,42903.99,0.028878,8540.03,51444.02,9,0.166
2018-03-20,,42903.99,0.029313998,8561.96,51465.95,9,0.1664
2018-03-21,,42903.99,0.028384,8515.41,51419.4,9,0.1656
2018-03-22,,42903.99,0.026937999,8443.36,51347.35,9,0.1644
2018-03-23,"S1,S1,S2,S2",45635.64,0.024494,5589.13,51224.77,6,0.1091
2018-03-26,S1,46384.83,0.02171,4700.75,51085.58,5,0.092
2018-03-27,,46384.83,0.02134,4682.37,51067.2,5,0.0917
2018-03-28,S2,47710.21,0.01938,3259.03,50969.24,4,0.0639
2018-03-29,,47710.21,0.020043999,3292.21,51002.418,4,0.0646
2018-03-30,,47710.21,0.020096,3294.74,51004.95,4,0.0646
2018-04-02,,47710.21,0.019746,3277.3,50987.508,4,0.0643
2018-04-03,S2,48068.14,0.019075999,2885.87,50954.008,3,0.0566
2018-04-04,,48068.14,0.019402,2902.2,50970.34,3,0.0569
2018-04-09,S2,49009.64,0.01946,1963.6,50973.24,2,0.0385
2018-04-10,B3-0,47350.22,0.020159999,3658.0698,51008.29,3,0.0717
2018-04-11,B2-0,46413.258,0.020211998,4597.54,51010.8,4,0.0901
2018-04-12,,46413.258,0.019219998,4547.85,50961.11,4,0.0892
2018-04-13,,46413.258,0.01811,4492.5,50905.758,4,0.0883
2018-04-16,,46413.258,0.015108,4342.36,50755.62,4,0.0856
2018-04-17,S2,47345.84,0.014041999,3356.42,50702.258,3,0.0662
2018-04-18,,47345.84,0.01509,3408.82,50754.66,3,0.0672
2018-04-19,,47345.84,0.015149999,3411.84,50757.68,3,0.0672
2018-04-20,,47345.84,0.014739999,3391.4,50737.24,3,0.0668
2018-04-23,,47345.84,0.015206,3414.62,50760.46,3,0.0673
2018-04-24,,47345.84,0.017124,3510.56,50856.4,3,0.069
2018-04-25,,47345.84,0.016366,3472.56,50818.4,3,0.0683
2018-04-26,,47345.84,0.015621999,3435.48,50781.32,3,0.0677
2018-04-27,S2,48889.34,0.014777999,1849.8,50739.14,2,0.0365
2018-05-02,B2-1,47899.91,0.015016,2851.19,50751.1,3,0.0562
2018-05-03,,47899.91,0.014733999,2837.04,50736.95,3,0.0559
2018-05-04,,47899.91,0.014966,2848.65,50748.56,3,0.0561
2018-05-07,,47899.91,0.015574,2879.14,50779.05,3,0.0567
2018-05-08,,47899.91,0.015813999,2891.1,50791.008,3,0.0569
2018-05-09,,47899.91,0.016158,2908.3,50808.21,3,0.0572
2018-05-10,,47899.91,0.016657999,2933.26,50833.168,3,0.0577
2018-05-11,B1-1,47500.21,0.016614,3330.77,50830.98,4,0.0655
2018-05-14,B3-0,46244.34,0.016805999,4596.31,50840.65,5,0.0904
2018-05-15,,46244.34,0.018128,4662.35,50906.69,5,0.0916
2018-05-16,,46244.34,0.018679999,4689.9297,50934.27,5,0.0921
2018-05-17,,46244.34,0.01841,4676.52,50920.86,5,0.0918
2018-05-18,,46244.34,0.019106,4711.23,50955.57,5,0.0925
2018-05-21,,46244.34,0.0189,4700.92,50945.258,5,0.0923
2018-05-22,,46244.34,0.019261999,4719.08,50963.418,5,0.0926
2018-05-23,,46244.34,0.017757999,4643.77,50888.11,5,0.0913
2018-05-24,,46244.34,0.017244,4618.01,50862.348,5,0.0908
2018-05-25,,46244.34,0.017814,4646.61,50890.95,5,0.0913
2018-05-28,,46244.34,0.018584,4685.22,50929.56,5,0.092
2018-05-29,S1,47193.78,0.018128,3712.89,50906.668,4,0.0729
2018-05-30,,47193.78,0.018304,3721.65,50915.43,4,0.0731
2018-05-31,,47193.78,0.021548,3883.8398,51077.62,4,0.076
2018-06-01,,47193.78,0.020175999,3815.25,51009.03,4,0.0748
2018-06-04,S2,48264.48,0.020776,2774.52,51039.0,3,0.0544
2018-06-05,,48264.48,0.02144,2807.88,51072.36,3,0.055
2018-06-06,,48264.48,0.020936,2782.56,51047.04,3,0.0545
2018-06-07,,48264.48,0.020588,2765.1401,51029.62,3,0.0542
2018-06-08,,48264.48,0.020159999,2743.79,51008.27,3,0.0538
2018-06-11,,48264.48,0.020367999,2754.19,51018.668,3,0.054
2018-06-12,,48264.48,0.02127,2799.27,51063.75,3,0.0548
2018-06-13,,48264.48,0.020758,2773.68,51038.16,3,0.0543
2018-06-14,,48264.48,0.020086,2740.09,51004.57,3,0.0537
2018-06-15,,48264.48,0.020011999,2736.39,51000.87,3,0.0537
2018-06-19,,48264.48,0.01866,2668.77,50933.25,3,0.0524
2018-06-20,,48264.48,0.019167999,2694.19,50958.668,3,0.0529
2018-06-21,,48264.48,0.019534,2712.43,50976.91,3,0.0532
2018-06-22,,48264.48,0.019786,2725.06,50989.54,3,0.0534
2018-06-25,S1,49127.2,0.018695999,1807.89,50935.09,2,0.0355
2018-06-26,,49127.2,0.018881999,1817.2,50944.4,2,0.0357
2018-06-27,,49127.2,0.017462,1746.15,50873.35,2,0.0343
2018-06-28,,49127.2,0.016999999,1723.12,50850.32,2,0.0339
2018-06-29,,49127.2,0.017843999,1765.26,50892.46,2,0.0347
2018-07-02,,49127.2,0.016982,1722.14,50849.34,2,0.0339
2018-07-03,,49127.2,0.01651,1698.62,50825.82,2,0.0334
2018-07-04,,49127.2,0.016306,1688.33,50815.53,2,0.0332
2018-07-05,,49127.2,0.016324,1689.31,50816.508,2,0.0332
2018-07-06,,49127.2,0.017432,1744.68,50871.88,2,0.0343
2018-07-09,,49127.2,0.01798,1772.12,50899.32,2,0.0348
2018-07-10,,49127.2,0.017864,1766.24,50893.44,2,0.0347
2018-07-11,,49127.2,0.017668,1756.44,50883.64,2,0.0345
2018-07-12,,49127.2,0.01805,1775.55,50902.75,2,0.0349
2018-07-13,,49127.2,0.018422,1794.17,50921.37,2,0.0352
2018-07-16,,49127.2,0.018334,1789.76,50916.96,2,0.0352
2018-07-17,,49127.2,0.017598,1753.01,50880.21,2,0.0345
2018-07-18,,49127.2,0.017598,1753.01,50880.21,2,0.0345
2018-07-19,,49127.2,0.017118,1729.0,50856.2,2,0.034
2018-07-20,,49127.2,0.017509999,1748.6,50875.8,2,0.0344
2018-07-23,,49127.2,0.017549999,1750.56,50877.758,2,0.0344
2018-07-24,B1-0,48675.8,0.017918,2220.32,50896.12,3,0.0436
2018-07-25,,48675.8,0.017486,2198.77,50874.57,3,0.0432
2018-07-26,,48675.8,0.016962,2172.56,50848.36,3,0.0427
2018-07-27,,48675.8,0.016999999,2174.55,50850.35,3,0.0428
2018-07-30,,48675.8,0.016746,2161.7998,50837.6,3,0.0425
2018-07-31,,48675.8,0.016732,2161.1401,50836.94,3,0.0425
2018-08-01,,48675.8,0.016037999,2126.3,50802.1,3,0.0419
2018-08-02,,48675.8,0.0151039995,2079.69,50755.49,3,0.041
2018-08-03,,48675.8,0.015032,2076.04,50751.84,3,0.0409
2018-08-06,,48675.8,0.015314,2090.22,50766.02,3,0.0412
2018-08-07,,48675.8,0.01566,2107.43,50783.23,3,0.0415
2018-08-08,S2,49041.2,0.015014,1709.8,50751.0,2,0.0337
2018-08-09,,49041.2,0.015956,1756.83,50798.03,2,0.0346
2018-08-10,,49041.2,0.016196,1768.7999,50810.0,2,0.0348
2018-08-13,,49041.2,0.015992,1758.74,50799.94,2,0.0346
2018-08-14,,49041.2,0.015764,1747.24,50788.44,2,0.0344
2018-08-15,,49041.2,0.014628,1690.58,50731.78,2,0.0333
2018-08-16,,49041.2,0.014496,1683.9199,50725.12,2,0.0332
2018-08-17,,49041.2,0.013936,1655.96,50697.16,2,0.0327
2018-08-20,,49041.2,0.014076,1662.88,50704.08,2,0.0328
2018-08-21,,49041.2,0.0152819995,1723.1599,50764.36,2,0.0339
2018-08-22,,49041.2,0.0152859995,1723.43,50764.63,2,0.0339
2018-08-23,,49041.2,0.015214,1719.77,50760.97,2,0.0339
2018-08-24,B1-1,48614.34,0.0151659995,2144.21,50758.55,3,0.0422
2018-08-27,,48614.34,0.016371999,2204.5,50818.84,3,0.0434
2018-08-28,,48614.34,0.01604,2187.92,50802.258,3,0.0431
2018-08-29,,48614.34,0.015754,2173.6802,50788.02,3,0.0428
2018-08-30,,48614.34,0.015242,2148.0,50762.34,3,0.0423
2018-08-31,S2,49772.21,0.013471999,901.67004,50673.88,2,0.0178
2018-09-03,B1-0,49416.41,0.01346,1256.87,50673.28,3,0.0248
2018-09-04,,49416.41,0.013898,1278.74,50695.15,3,0.0252
2018-09-05,,49416.41,0.013358,1251.77,50668.18,3,0.0247
2018-09-06,,49416.41,0.013162,1241.9199,50658.33,3,0.0245
2018-09-07,,49416.41,0.01344,1255.76,50672.168,3,0.0248
2018-09-10,,49416.41,0.013073999,1237.5,50653.91,3,0.0244
2018-09-11,,49416.41,0.013332,1250.51,50666.918,3,0.0247
2018-09-12,,49416.41,0.013406,1254.09,50670.5,3,0.0247
2018-09-13,,49416.41,0.014002,1283.9299,50700.34,3,0.0253
2018-09-14,,49416.41,0.01387,1277.3999,50693.81,3,0.0252
2018-09-17,,49416.41,0.013565999,1262.09,50678.5,3,0.0249
2018-09-18,B1-0,49038.09,0.014024,1663.51,50701.6,4,0.0328
2018-09-19,,49038.09,0.0144919995,1686.84,50724.93,4,0.0333
2018-09-20,B1-0,48651.69,0.014192,2058.13,50709.82,5,0.0406
2018-09-21,"B1-1,B1-1",47844.77,0.0151619995,2913.67,50758.44,7,0.0574
2018-09-25,,47844.77,0.014897999,2900.52,50745.29,7,0.0572
2018-09-26,B1-1,47451.91,0.01548,3322.47,50774.38,8,0.0654
2018-09-27,,47451.91,0.01508,3302.42,50754.33,8,0.0651
2018-09-28,,47451.91,0.016048,3350.81,50802.72,8,0.066
2018-10-08,,47451.91,0.013052,3200.91,50652.82,8,0.0632
2018-10-09,,47451.91,0.012986,3197.6099,50649.52,8,0.0631
2018-10-10,B2-0,46539.25,0.013126,4117.44,50656.69,9,0.0813
2018-10-11,"S2,S2",47207.95,0.01004,3294.3901,50502.34,7,0.0652
2018-10-12,,47207.95,0.011984,3391.59,50599.54,7,0.067
2018-10-15,S1,47583.85,0.0107,2951.46,50535.31,6,0.0584
2018-10-16,,47583.85,0.010428,2937.65,50521.5,6,0.0581
2018-10-17,,47583.85,0.010412,2936.87,50520.72,6,0.0581
2018-10-18,"S4,S2",48843.33,0.008362,1574.89,50418.22,4,0.0312
2018-10-19,,48843.33,0.009626,1638.13,50481.46,4,0.0325
2018-10-22,,48843.33,0.010706,1692.1901,50535.52,4,0.0335
2018-10-23,,48843.33,0.009769999,1645.3201,50488.65,4,0.0326
2018-10-24,,48843.33,0.01033,1673.31,50516.64,4,0.0331
2018-10-25,,48843.33,0.010608,1687.1799,50530.51,4,0.0334
2018-10-26,,48843.33,0.010248,1669.21,50512.54,4,0.033
2018-10-29,B2-0,47676.01,0.009002,2774.26,50450.27,5,0.055
2018-10-30,,47676.01,0.009194001,2783.8901,50459.9,5,0.0552
2018-10-31,B1-0,47324.05,0.009784,3165.39,50489.44,6,0.0627
2018-11-01,B1-1,46979.73,0.009752,3508.03,50487.76,7,0.0695
2018-11-02,,46979.73,0.011474,3594.1199,50573.85,7,0.0711
2018-11-05,,46979.73,0.010946,3567.76,50547.49,7,0.0706
2018-11-06,,46979.73,0.010602,3550.51,50530.24,7,0.0703
2018-11-07,,46979.73,0.0102160005,3531.24,50510.97,7,0.0699
2018-11-08,,46979.73,0.010142,3527.48,50507.21,7,0.0698
2018-11-09,,46979.73,0.009072,3474.1199,50453.85,7,0.0689
2018-11-12,,46979.73,0.009524,3496.6,50476.33,7,0.0693
2018-11-13,,46979.73,0.009798,3510.31,50490.04,7,0.0695
2018-11-14,,46979.73,0.009038,3472.38,50452.11,7,0.0688
2018-11-15,,46979.73,0.009858,3513.42,50493.15,7,0.0696
2018-11-16,,46979.73,0.009578,3499.37,50479.1,7,0.0693
2018-11-19,,46979.73,0.01011,3525.81,50505.54,7,0.0698
2018-11-20,,46979.73,0.008908,3465.79,50445.52,7,0.0687
2018-11-21,,46979.73,0.008924,3466.6,50446.33,7,0.0687
2018-11-22,,46979.73,0.008588,3449.81,50429.54,7,0.0684
2018-11-23,,46979.73,0.0073740003,3389.15,50368.88,7,0.0673
2018-11-26,,46979.73,0.007282,3384.54,50364.27,7,0.0672
2018-11-27,,46979.73,0.007152,3377.98,50357.71,7,0.0671
2018-11-28,,46979.73,0.0078000003,3410.3699,50390.1,7,0.0677
2018-11-29,,46979.73,0.00718,3379.28,50359.01,7,0.0671
2018-11-30,S5,47388.53,0.007772,3000.25,50388.78,6,0.0595
2018-12-03,,47388.53,0.009002,3061.77,50450.3,6,0.0607
2018-12-04,,47388.53,0.009066,3064.95,50453.48,6,0.0607
2018-12-05,,47388.53,0.008762,3049.68,50438.21,6,0.0605
2018-12-06,B1-0,47054.91,0.007816,3335.93,50390.84,7,0.0662
2018-12-07,,47054.91,0.008178,3354.0498,50408.96,7,0.0665
2018-12-10,S4,47484.29,0.0077739996,2904.58,50388.87,6,0.0576
2018-12-11,,47484.29,0.007808,2906.34,50390.63,6,0.0577
2018-12-12,,47484.29,0.007916,2911.7,50395.99,6,0.0578
2018-12-13,,47484.29,0.008285999,2930.14,50414.43,6,0.0581
2018-12-14,B1-1,46966.008,0.0076739998,3417.8398,50383.85,7,0.0678
2018-12-17,,46966.008,0.007934,3430.84,50396.85,7,0.0681
2018-12-18,,46966.008,0.0076739998,3417.76,50383.77,7,0.0678
2018-12-19,,46966.008,0.007456,3406.72,50372.73,7,0.0676
2018-12-20,"S2,S1",47607.33,0.006814,2733.44,50340.77,5,0.0543
2018-12-21,,47607.33,0.0063940003,2712.46,50319.79,5,0.0539
2018-12-24,,47607.33,0.0067860004,2732.1,50339.43,5,0.0543
2018-12-25,S2,48101.25,0.006692,2233.5,50334.75,4,0.0444
2018-12-26,,48101.25,0.0066120005,2229.38,50330.63,4,0.0443
2018-12-27,,48101.25,0.0068840003,2243.06,50344.31,4,0.0446
2018-12-28,,48101.25,0.007152,2256.48,50357.73,4,0.0448
2019-01-02,,48101.25,0.006946,2246.22,50347.47,4,0.0446
2019-01-03,B1-1,47888.59,0.006852,2454.16,50342.75,4,0.0487
2019-01-04,B1-0,47522.47,0.0076420004,2859.76,50382.23,5,0.0568
2019-01-07,,47522.47,0.008416,2898.52,50420.99,5,0.0575
2019-01-08,,47522.47,0.007986001,2876.98,50399.45,5,0.0571
2019-01-09,"B1-0,B1-0,B1-1",46740.668,0.007772,3648.16,50388.83,7,0.0724
2019-01-10,,46740.668,0.007116,3615.4,50356.07,7,0.0718
2019-01-11,,46740.668,0.008,3659.43,50400.1,7,0.0726
2019-01-14,S5,47121.83,0.0075020003,3253.54,50375.37,6,0.0646
2019-01-15,"B2-1,B2-1",45221.58,0.008162,5186.7,50408.28,8,0.1029
2019-01-16,,45221.58,0.007888,5173.1,50394.68,8,0.1027
2019-01-17,B2-1,44277.418,0.007736,6109.51,50386.93,9,0.1213
2019-01-18,"B2-1,B2-0",43316.94,0.009118,7139.29,50456.23,10,0.1415
2019-01-21,B1-1,43107.508,0.009394,7362.24,50469.75,10,0.1459
2019-01-22,B2-0,42165.81,0.0075580003,8212.27,50378.08,11,0.163
2019-01-23,,42165.81,0.008036001,8236.19,50402.0,11,0.1634
2019-01-24,B2-1,41053.07,0.008780001,9386.3,50439.37,12,0.1861
2019-01-25,"B2-0,B2-0,B2-1",37557.38,0.009714,12928.4795,50485.86,15,0.2561
2019-01-28,B2-0,36668.0,0.009184,13791.35,50459.35,16,0.2733
2019-01-29,,36668.0,0.011270001,13895.62,50563.62,16,0.2748
2019-01-30,,36668.0,0.009392,13801.86,50469.86,16,0.2735
2019-01-31,,36668.0,0.0133340005,13998.97,50666.97,16,0.2763
2019-02-01,,36668.0,0.015630001,14113.76,50781.758,16,0.2779
2019-02-11,,36668.0,0.017496,14207.0,50875.0,16,0.2793
2019-02-12,B2-0,35846.4,0.018294001,15068.45,50914.848,17,0.296
2019-02-13,B1-1,35345.918,0.024728,15890.61,51236.53,18,0.3101
2019-02-14,,35345.918,0.023656001,15836.96,51182.88,18,0.3094
2019-02-15,S5,36579.46,0.01651,14246.28,50825.74,17,0.2803
2019-02-18,"B1-1,B1-0",35691.49,0.024496,15533.65,51225.14,19,0.3032
2019-02-19,B2-1,35372.57,0.023764001,15815.68,51188.25,19,0.309
2019-02-20,,35372.57,0.026386,15946.84,51319.41,19,0.3107
2019-02-21,,35372.57,0.024758,15865.36,51237.93,19,0.3096
2019-02-22,,35372.57,0.034858,16370.53,51743.1,19,0.3164
2019-02-25,"B1-0,B2-0,B2-0",33147.22,0.058436,19774.68,52921.9,22,0.3737
2019-02-26,,33147.22,0.054298,19567.71,52714.93,22,0.3712
2019-02-27,,33147.22,0.05569,19637.43,52784.65,22,0.372
2019-02-28,,33147.22,0.050574,19381.56,52528.78,22,0.369
2019-03-01,,33147.22,0.058862,19795.94,52943.16,22,0.3739
2019-03-04,,33147.22,0.06317,20011.45,53158.668,22,0.3764
2019-03-05,,33147.22,0.06542,20123.83,53271.05,22,0.3778
2019-03-06,,33147.22,0.07164,20434.82,53582.04,22,0.3814
2019-03-07,,33147.22,0.070674,20386.87,53534.09,22,0.3808
2019-03-08,,33147.22,0.049336,19319.81,52467.03,22,0.3682
2019-03-11,,33147.22,0.055040002,19604.76,52751.98,22,0.3716
2019-03-12,,33147.22,0.058532,19779.25,52926.47,22,0.3737
2019-03-13,,33147.22,0.054428,19574.28,52721.5,22,0.3713
2019-03-14,,33147.22,0.049918,19348.75,52495.97,22,0.3686
2019-03-15,,33147.22,0.05479,19592.35,52739.57,22,0.3715
2019-03-18,,33147.22,0.065226,20114.06,53261.28,22,0.3776
2019-03-19,,33147.22,0.06202,19953.78,53101.0,22,0.3758
2019-03-20,,33147.22,0.063536,20029.76,53176.98,22,0.3767
2019-03-21,,33147.22,0.06401,20053.47,53200.688,22,0.3769
2019-03-22,,33147.22,0.061672002,19936.45,53083.668,22,0.3756
2019-03-25,,33147.22,0.052984003,19502.08,52649.3,22,0.3704
2019-03-26,,33147.22,0.04551,19128.37,52275.59,22,0.3659
2019-03-27,,33147.22,0.048392,19272.47,52419.688,22,0.3677
2019-03-28,,33147.22,0.046474002,19176.8,52324.02,22,0.3665
2019-03-29,,33147.22,0.063234,20014.61,53161.83,22,0.3765
2019-04-01,,33147.22,0.073322,20518.93,53666.15,22,0.3823
2019-04-02,,33147.22,0.072298,20467.66,53614.88,22,0.3818
2019-04-03,,33147.22,0.082956,21000.67,54147.89,22,0.3878
2019-04-04,B2-0,31848.78,0.086402,22471.13,54319.91,23,0.4137
2019-04-08,B3-1,30856.09,0.08323,23305.37,54161.46,24,0.4303
2019-04-09,,30856.09,0.081664,23226.99,54083.08,24,0.4295
2019-04-10,B2-1,29898.75,0.078754,24039.13,53937.88,25,0.4457
2019-04-11,,29898.75,0.070796,23641.05,53539.8,25,0.4416
2019-04-12,S1,30857.87,0.071192004,22701.45,53559.32,25,0.4239
2019-04-15,B2-0,29915.37,0.069486,23558.82,53474.19,26,0.4406
2019-04-16,"B1-0,B1-0,S1",29441.629,0.083294004,24722.91,54164.54,27,0.4564
2019-04-17,"B1-0,B2-0",28073.49,0.080968,25974.97,54048.46,29,0.4806
2019-04-18,,28073.49,0.077512,25802.18,53875.67,29,0.4789
2019-04-19,B2-0,26798.19,0.08278,27340.92,54139.11,30,0.505
2019-04-22,"S4,S4,S2,B1-0,S5",30509.9,0.068084,22894.27,53404.168,27,0.4287
2019-04-23,,30509.9,0.066596,22820.23,53330.13,27,0.4279
2019-04-24,,30509.9,0.066848,22832.62,53342.52,27,0.428
2019-04-25,,30509.9,0.057886,22384.32,52894.22,27,0.4232
2019-04-26,"S5,S1,S1",31817.76,0.054644,20914.59,52732.35,25,0.3966
2019-04-29,"S3,S3",32744.79,0.054980002,20004.209,52749.0,23,0.3792
2019-04-30,,32744.79,0.05776,20143.16,52887.95,23,0.3809
2019-05-06,"S1,S2,S3,S1,S2,S2,S1",38835.34,0.035158,12922.47,51757.81,16,0.2497
2019-05-07,,38835.34,0.035452,12937.08,51772.42,16,0.2499
2019-05-08,S2,40016.3,0.03172,11569.67,51585.97,15,0.2243
2019-05-09,"S3,S3,S1,S1",42640.41,0.027316,8725.22,51365.63,12,0.1699
2019-05-10,"S3,S3",43989.27,0.03136,7578.6,51567.87,10,0.147
2019-05-13,S1,44874.27,0.029468002,6598.85,51473.12,9,0.1282
2019-05-14,,44874.27,0.028698001,6560.36,51434.63,9,0.1275
2019-05-15,,44874.27,0.030604001,6655.56,51529.832,9,0.1292
2019-05-16,B2-0,44874.27,0.030838002,6667.5103,51541.78,9,0.1294
2019-05-17,S3,46054.01,0.028594,5375.49,51429.5,8,0.1045
2019-05-20,S1,46823.61,0.028450001,4598.74,51422.35,7,0.0894
2019-05-21,,46823.61,0.028848002,4618.7197,51442.332,7,0.0898
2019-05-22,,46823.61,0.028542,4603.39,51427.0,7,0.0895
2019-05-23,S5,47184.73,0.027974002,4213.76,51398.492,6,0.082
2019-05-24,,47184.73,0.028412001,4235.6797,51420.41,6,0.0824
2019-05-27,,47184.73,0.028442001,4237.3,51422.03,6,0.0824
2019-05-28,B3-1,45812.05,0.028736,5624.7,51436.75,7,0.1094
2019-05-29,B3-0,44734.93,0.027664,6648.0,51382.93,8,0.1294
2019-05-30,B3-1,43496.48,0.027492002,7878.0,51374.48,9,0.1533
2019-05-31,,43496.48,0.02707,7856.94,51353.42,9,0.153
2019-06-03,B3-0,42168.0,0.028278,9245.79,51413.79,10,0.1798
2019-06-04,B2-0,41521.36,0.027464,9851.77,51373.13,10,0.1918
2019-06-05,B1-0,41071.582,0.027966,10326.561,51398.14,11,0.2009
2019-06-06,,41071.582,0.02692,10274.43,51346.01,11,0.2001
2019-06-10,B2-0,40366.4,0.028904,11078.61,51445.01,11,0.2153
2019-06-11,"B2-0,B2-1,B2-0",38598.35,0.033484,13075.95,51674.3,13,0.253
2019-06-12,B2-1,38053.15,0.03203,13548.04,51601.19,13,0.2626
2019-06-13,B2-0,37215.51,0.031266,14347.72,51563.23,14,0.2783
2019-06-14,,37215.51,0.030592,14313.7,51529.21,14,0.2778
2019-06-17,,37215.51,0.030608,14314.69,51530.2,14,0.2778
2019-06-18,,37215.51,0.031438,14356.13,51571.64,14,0.2784
2019-06-19,"B2-0,B3-0,B2-0,B2-0,B2-0,B2-0,B2-0",31490.121,0.034472,20233.459,51723.58,20,0.3912
2019-06-20,,31490.121,0.047656,20892.54,52382.66,20,0.3988
2019-06-21,B2-0,31490.121,0.048800003,20949.5,52439.62,20,0.3995
2019-06-24,,31490.121,0.048558,20937.67,52427.79,20,0.3994
2019-06-25,,31490.121,0.043106,20664.81,52154.93,20,0.3962
2019-06-26,,31490.121,0.041814,20600.39,52090.51,20,0.3955
2019-06-27,,31490.121,0.046396002,20829.58,52319.7,20,0.3981
2019-06-28,,31490.121,0.045304,20775.1,52265.22,20,0.3975
2019-07-01,"B2-0,B2-0",30483.55,0.053954,22214.12,52697.67,21,0.4215
2019-07-02,,30483.55,0.052196,22126.07,52609.62,21,0.4206
2019-07-03,,30483.55,0.046464,21839.46,52323.01,21,0.4174
2019-07-04,,30483.55,0.046408,21836.91,52320.46,21,0.4174
2019-07-05,,30483.55,0.046406,21836.42,52319.97,21,0.4174
2019-07-08,,30483.55,0.035718,21302.19,51785.74,21,0.4114
2019-07-09,,30483.55,0.03551,21291.72,51775.27,21,0.4112
2019-07-10,,30483.55,0.033916,21212.21,51695.76,21,0.4103
2019-07-11,,30483.55,0.035076,21270.01,51753.56,21,0.411
2019-07-12,,30483.55,0.038048003,21418.76,51902.31,21,0.4127
2019-07-15,S2,31436.64,0.040342,20580.31,52016.95,20,0.3956
2019-07-16,,31436.64,0.03911,20518.74,51955.38,20,0.3949
2019-07-17,,31436.64,0.038188,20472.8,51909.44,20,0.3944
2019-07-18,,31436.64,0.034298,20278.2,51714.84,20,0.3921
2019-07-19,,31436.64,0.040438,20585.129,52021.77,20,0.3957
2019-07-22,,31436.64,0.037132002,20419.6,51856.242,20,0.3938
2019-07-23,,31436.64,0.038326003,20479.53,51916.17,20,0.3945
2019-07-24,B1-0,31080.14,0.041194,20979.59,52059.73,21,0.403
2019-07-25,,31080.14,0.044026002,21121.2,52201.34,21,0.4046
2019-07-26,B1-1,30704.75,0.043152,21452.63,52157.38,22,0.4113
2019-07-29,,30704.75,0.040816,21335.93,52040.68,22,0.41
2019-07-30,,30704.75,0.042758,21432.84,52137.59,22,0.4111
2019-07-31,,30704.75,0.03968,21279.06,51983.81,22,0.4093
2019-08-01,,30704.75,0.035938002,21092.12,51796.87,22,0.4072
2019-08-02,"S2,S2",31884.96,0.029342,19582.02,51466.98,21,0.3805
2019-08-05,"S1,S1,S2,S2,S1,S1",37186.39,0.021610001,13893.93,51080.32,16,0.272
2019-08-06,"S2,S1,S2,S1,S2,S1",40791.55,0.016716002,10043.92,50835.47,12,0.1976
2019-08-07,S2,41439.23,0.015518001,9336.439,50775.67,11,0.1839
2019-08-08,,41439.23,0.019138,9517.39,50956.62,11,0.1868
2019-08-09,,41439.23,0.018298,9475.49,50914.72,11,0.1861
2019-08-12,,41439.23,0.021774,9649.2295,51088.46,11,0.1889
2019-08-13,,41439.23,0.019234,9522.01,50961.24,11,0.1868
2019-08-14,,41439.23,0.019286001,9524.62,50963.85,11,0.1869
2019-08-15,"S1,S4,S1",44429.2,0.018700002,6505.56,50934.76,9,0.1277
2019-08-16,B3-0,43219.74,0.019144,7737.15,50956.89,10,0.1518
